Service Name,Description,Latitude,Longitude
Elite Hair Studio,"At Elite Hair Studio, we provide a complete range of hair care services for both men and women, specializing in haircuts, coloring, styling, and treatments. Our stylists stay updated with the latest trends and techniques, offering personalized consultations to help match each client's style with their unique personality. We focus on using organic, eco-friendly products to ensure healthier, long-lasting results. Whether you’re looking for a transformative color, a quick trim, or an intricate updo for a special occasion, Elite Hair Studio has you covered.",12.9716,77.5946
Precision Carpentry Solutions,"Our team at Precision Carpentry Solutions takes pride in delivering top-notch craftsmanship for every project. We offer services ranging from custom-built furniture and cabinetry to trim work and complete remodels. Every piece is crafted to your specifications, ensuring that your space reflects your vision and meets your needs. With years of experience and a commitment to quality, our carpenters bring skill and creativity to homes and businesses alike.",28.7041,77.1025
PlumbTech Services,"PlumbTech Services provides expert plumbing solutions tailored to residential and commercial clients. Our services include leak repairs, new installations, fixture replacements, and pipe maintenance. We also offer emergency plumbing to ensure that urgent issues are addressed swiftly. Each job is completed by licensed professionals committed to providing reliable, high-quality workmanship that you can trust. Let us help you maintain a safe and efficient plumbing system.",19.076,72.8777
BrightSpark Electricals,"BrightSpark Electricals is a team of licensed electricians specializing in residential wiring, appliance installations, and troubleshooting complex electrical issues. Safety is our top priority, so we ensure each job is completed according to code and with the highest safety standards. We also provide consultations for energy-efficient upgrades, helping you reduce costs and create a more sustainable home. Trust BrightSpark for reliable, professional electrical services.",13.0827,80.2707
Green Thumb Landscaping,"Green Thumb Landscaping transforms outdoor spaces into lush, inviting environments. Our team offers lawn care, garden design, tree trimming, and seasonal cleanup services to keep your property looking its best year-round. We work with homeowners to develop landscapes that reflect their taste and enhance their outdoor enjoyment. From garden design to routine maintenance, we bring your outdoor space to life.",22.5726,88.3639
EcoClean Maid Services,"EcoClean Maid Services offers eco-friendly, professional cleaning solutions for homes and offices. We use non-toxic products to ensure a safe, healthy environment for our clients. Our services include deep cleaning, regular maintenance, carpet cleaning, and specialized cleaning for sensitive areas. We’re dedicated to keeping your space spotless and refreshing, so you can focus on what matters most.",17.385,78.4867
Swift Repair Carpentry,"Swift Repair Carpentry specializes in minor carpentry repairs, including door adjustments, cabinetry repairs, and floor installations. Our team understands the importance of precision, ensuring each job is completed accurately and efficiently. We work with high-quality materials and offer flexible scheduling to accommodate your needs. Swift Repair Carpentry is your go-to for quick, dependable carpentry solutions.",23.2599,77.4126
ProPlumb Experts,"ProPlumb Experts offers a wide range of plumbing services, including emergency repairs, pipe installations, and routine maintenance. We handle both large and small projects, from fixing minor leaks to installing new systems in renovated properties. Each service is carried out by experienced plumbers who prioritize customer satisfaction and long-lasting solutions. Let us keep your plumbing systems in top shape.",15.3173,75.7139
Smart Lighting Solutions,"Smart Lighting Solutions specializes in advanced lighting setups for homes and businesses. From energy-efficient LED installations to smart home integration, our electricians provide customized solutions to meet modern lighting demands. We also handle lighting repairs and upgrades, helping you achieve a bright, inviting environment while reducing energy costs.",21.1702,72.8311
Tree and Turf Care,"Tree and Turf Care is dedicated to keeping your landscape healthy and beautiful. Our services include lawn mowing, fertilization, tree pruning, and seasonal landscaping. We work with environmentally friendly products and techniques to promote the health of your plants and turf. Whether you need routine maintenance or a landscape redesign, we’re here to create the perfect outdoor retreat.",25.3176,82.9739
Shear Artistry,"Shear Artistry offers high-end hair styling services, including cuts, colors, and keratin treatments for all hair types. Our stylists are trained in the latest techniques and work closely with clients to create personalized styles. Whether you're preparing for a big event or seeking a fresh, new look, Shear Artistry provides the expertise and artistry you need to shine.",30.7333,76.7794
Home Renovation Pros,"Home Renovation Pros is a one-stop shop for all your home renovation needs. Our team includes skilled carpenters, electricians, and painters who collaborate to bring your vision to life. We handle everything from kitchen remodels to custom built-ins, ensuring a seamless renovation experience. With years of experience, we turn your house into the home of your dreams.",11.0168,76.9558
DripFix Plumbing,"DripFix Plumbing is your reliable solution for all plumbing needs, from minor repairs to major installations. Our licensed plumbers are skilled in leak detection, drain cleaning, water heater repairs, and more. We offer 24/7 emergency services to address any urgent plumbing issues, and our work is backed by a satisfaction guarantee. DripFix Plumbing ensures a worry-free plumbing experience.",34.0837,74.7973
AC Wizard Cooling Services,"AC Wizard Cooling Services specializes in the installation, repair, and maintenance of air conditioning systems. Our technicians are certified and trained to handle all major brands, ensuring that your home stays comfortable year-round. We provide preventative maintenance plans to keep your AC running efficiently, as well as emergency repair services to address issues promptly.",9.9312,76.2673
Polished to Perfection,"Polished to Perfection offers comprehensive house cleaning services, including deep cleans, move-in/move-out cleaning, and regular maintenance. Our team is detail-oriented and uses eco-friendly products to ensure a healthy, pristine environment for you and your family. With flexible scheduling and custom cleaning plans, we tailor our services to meet each client's unique needs.",13.6288,79.4192
Urban Electrical Services,"Urban Electrical Services provides residential and commercial electrical solutions, from wiring installations to troubleshooting and repairs. Our team is licensed and knowledgeable in the latest electrical codes and technologies, ensuring safe and efficient service. We also offer consultations for energy-saving upgrades to help you reduce your environmental impact and lower your bills.",27.1767,78.0081
Artisan Woodworks,"Artisan Woodworks crafts custom wood furniture, cabinetry, and decor pieces tailored to your style and space. Our skilled carpenters use high-quality materials and traditional techniques to create unique, lasting pieces. From concept to completion, we collaborate closely with clients to ensure every detail aligns with their vision. Bring elegance and craftsmanship into your home with Artisan Woodworks.",22.7196,75.8577
SnapFix Appliance Repair,"SnapFix Appliance Repair provides fast, reliable repair services for all major appliances, including refrigerators, washers, dryers, and ovens. Our technicians are certified and experienced with various brands, ensuring prompt and effective repairs. We also offer preventative maintenance plans to extend the life of your appliances and keep them running smoothly.",8.5241,76.9366
Vibrant Lawn Care,"Vibrant Lawn Care offers complete lawn maintenance services, including mowing, fertilization, weed control, and aeration. Our team is committed to creating lush, green lawns that enhance your property’s curb appeal. We use eco-friendly products and techniques to promote healthy growth, helping you enjoy a vibrant, well-maintained lawn all year long.",10.8505,76.2711
Flawless Cut Hair Studio,"Flawless Cut Hair Studio provides expert hair services for men, women, and children. From classic cuts to trend-setting styles, we work with clients to achieve their ideal look. Our team specializes in color treatments, blowouts, and precision cuts, ensuring every client leaves with a style that reflects their personality. Let Flawless Cut Hair Studio enhance your natural beauty.",26.9124,75.7873
Eco-Friendly Painting Specialist,"Our expert team specializes in eco-friendly interior and exterior painting. We use sustainable paints and methods to give your space a beautiful, long-lasting finish while protecting the environment.",12.9716,77.5946
High-Rise Exterior Paint,"Our high-rise painting specialists are equipped for the toughest exterior painting jobs. We perform pressure washing before painting to ensure a clean and durable finish, even at high elevations.",28.7041,77.1025
Trim and Molding Painter,"Detail-oriented trim and molding painting for your home interiors, adding elegance and precision to every room. Our team collaborates with interior painting specialists to achieve a cohesive look.",19.076,72.8777
Rapid Response IT Solutions,"Rapid Response IT Solutions provides a full range of IT support services, including server management, data recovery, network security, and cloud solutions. Our certified technicians are available 24/7 to assist with any technical issue.",13.0827,80.2707
Precision Pest Control,"Offering specialized pest management services, Precision Pest Control targets termites, bed bugs, rodents, and other infestations using eco-friendly, effective treatments.",22.5726,88.3639
SolarMax Installations,SolarMax specializes in solar panel installation and maintenance for residential and commercial properties. Our engineers design custom solar solutions to maximize energy output and reduce electricity costs.,17.385,78.4867
Roofing Innovations,"Roofing Innovations offers comprehensive roofing solutions, from repairs and maintenance to full replacements. We use high-quality materials for long-lasting durability and weather resistance.",23.2599,77.4126
ClearView Windows & Doors,ClearView provides professional installation and repair of windows and doors. Our energy-efficient options help reduce utility costs and improve home comfort.,15.3173,75.7139
Precision HVAC Services,"Precision HVAC Services offers full-spectrum heating, ventilation, and air conditioning solutions, including installations, repairs, and energy-efficient upgrades.",21.1702,72.8311
Perfect Floors,"Perfect Floors specializes in the installation of hardwood, laminate, and vinyl flooring. Our team ensures precise installations for a seamless, professional look.",25.3176,82.9739
Express Paint Pros,"Providing interior and exterior painting with meticulous attention to detail, Express Paint Pros also offers pressure washing and color consultation services.",30.7333,76.7794
Expert Locksmiths,"Expert Locksmiths offers residential and commercial lock installation, repair, and key duplication. We also handle emergency lockouts with a quick response.",11.0168,76.9558
Eco Turf Solutions,"Eco Turf Solutions provides organic lawn care, soil aeration, and pest management for a sustainable, healthy landscape.",34.0837,74.7973
Shine Auto Detail,"Shine Auto Detail offers complete car detailing, including interior cleaning, exterior polish, and ceramic coating for maximum protection.",9.9312,76.2673
NextGen Network Solutions,"NextGen provides network installation, configuration, and security for businesses, specializing in scalable IT infrastructure and data protection.",13.6288,79.4192
FiberOptic Plus,FiberOptic Plus specializes in fiber optic cabling installation and maintenance for high-speed internet and telecommunication systems.,27.1767,78.0081
Pipe Master,"PipeMaster Plumbing Solutions specializes in residential and commercial plumbing installations, with expertise in selecting and fitting the appropriate pipe types for each project. We offer installations of 15mm and 20mm pipes, suitable for both hot and cold water applications, ensuring efficient water flow and durability. Our team is well-versed in using CPVC pipes for hot water piping and PVC pipes for cold water lines and drainage. With a focus on corrosion protection for copper pipes, we also provide pipe insulation services to improve energy efficiency in both hot and cold water systems. For emergencies, our 24/7 response team is ready to handle leak repairs and water heater installations swiftly and safely.",22.7196,75.8577
Precision Plumbing and Heating,"Precision Plumbing & Heating offers top-quality plumbing services, specializing in leak detection, fixture replacement, and water heater installations. We utilize advanced techniques in pipe fitting and soldering for seamless installations of copper and PEX piping, ideal for high-temperature applications. For drainage systems, we use durable PVC pipes to ensure long-lasting performance in both indoor and outdoor plumbing settings. Our professionals are equipped to handle complex pipe insulation for hot water piping, as well as corrosion protection for copper pipes in challenging environments. Whether you need routine pipe maintenance or emergency plumbing services, Precision Plumbing & Heating provides reliable and technically sound solutions.",8.5241,76.9366
