Service Name,Description
Elite Hair Studio,"At Elite Hair Studio, we provide a complete range of hair care services for both men and women, specializing in haircuts, coloring, styling, and treatments. Our stylists stay updated with the latest trends and techniques, offering personalized consultations to help match each client's style with their unique personality. We focus on using organic, eco-friendly products to ensure healthier, long-lasting results. Whether you’re looking for a transformative color, a quick trim, or an intricate updo for a special occasion, Elite Hair Studio has you covered."
Precision Carpentry Solutions,"Our team at Precision Carpentry Solutions takes pride in delivering top-notch craftsmanship for every project. We offer services ranging from custom-built furniture and cabinetry to trim work and complete remodels. Every piece is crafted to your specifications, ensuring that your space reflects your vision and meets your needs. With years of experience and a commitment to quality, our carpenters bring skill and creativity to homes and businesses alike."
PlumbTech Services,"PlumbTech Services provides expert plumbing solutions tailored to residential and commercial clients. Our services include leak repairs, new installations, fixture replacements, and pipe maintenance. We also offer emergency plumbing to ensure that urgent issues are addressed swiftly. Each job is completed by licensed professionals committed to providing reliable, high-quality workmanship that you can trust. Let us help you maintain a safe and efficient plumbing system."
BrightSpark Electricals,"BrightSpark Electricals is a team of licensed electricians specializing in residential wiring, appliance installations, and troubleshooting complex electrical issues. Safety is our top priority, so we ensure each job is completed according to code and with the highest safety standards. We also provide consultations for energy-efficient upgrades, helping you reduce costs and create a more sustainable home. Trust BrightSpark for reliable, professional electrical services."
Green Thumb Landscaping,"Green Thumb Landscaping transforms outdoor spaces into lush, inviting environments. Our team offers lawn care, garden design, tree trimming, and seasonal cleanup services to keep your property looking its best year-round. We work with homeowners to develop landscapes that reflect their taste and enhance their outdoor enjoyment. From garden design to routine maintenance, we bring your outdoor space to life."
EcoClean Maid Services,"EcoClean Maid Services offers eco-friendly, professional cleaning solutions for homes and offices. We use non-toxic products to ensure a safe, healthy environment for our clients. Our services include deep cleaning, regular maintenance, carpet cleaning, and specialized cleaning for sensitive areas. We’re dedicated to keeping your space spotless and refreshing, so you can focus on what matters most."
Swift Repair Carpentry,"Swift Repair Carpentry specializes in minor carpentry repairs, including door adjustments, cabinetry repairs, and floor installations. Our team understands the importance of precision, ensuring each job is completed accurately and efficiently. We work with high-quality materials and offer flexible scheduling to accommodate your needs. Swift Repair Carpentry is your go-to for quick, dependable carpentry solutions."
ProPlumb Experts,"ProPlumb Experts offers a wide range of plumbing services, including emergency repairs, pipe installations, and routine maintenance. We handle both large and small projects, from fixing minor leaks to installing new systems in renovated properties. Each service is carried out by experienced plumbers who prioritize customer satisfaction and long-lasting solutions. Let us keep your plumbing systems in top shape."
Smart Lighting Solutions,"Smart Lighting Solutions specializes in advanced lighting setups for homes and businesses. From energy-efficient LED installations to smart home integration, our electricians provide customized solutions to meet modern lighting demands. We also handle lighting repairs and upgrades, helping you achieve a bright, inviting environment while reducing energy costs."
Tree and Turf Care,"Tree and Turf Care is dedicated to keeping your landscape healthy and beautiful. Our services include lawn mowing, fertilization, tree pruning, and seasonal landscaping. We work with environmentally friendly products and techniques to promote the health of your plants and turf. Whether you need routine maintenance or a landscape redesign, we’re here to create the perfect outdoor retreat."
Shear Artistry,"Shear Artistry offers high-end hair styling services, including cuts, colors, and keratin treatments for all hair types. Our stylists are trained in the latest techniques and work closely with clients to create personalized styles. Whether you're preparing for a big event or seeking a fresh, new look, Shear Artistry provides the expertise and artistry you need to shine."
Home Renovation Pros,"Home Renovation Pros is a one-stop shop for all your home renovation needs. Our team includes skilled carpenters, electricians, and painters who collaborate to bring your vision to life. We handle everything from kitchen remodels to custom built-ins, ensuring a seamless renovation experience. With years of experience, we turn your house into the home of your dreams."
DripFix Plumbing,"DripFix Plumbing is your reliable solution for all plumbing needs, from minor repairs to major installations. Our licensed plumbers are skilled in leak detection, drain cleaning, water heater repairs, and more. We offer 24/7 emergency services to address any urgent plumbing issues, and our work is backed by a satisfaction guarantee. DripFix Plumbing ensures a worry-free plumbing experience."
AC Wizard Cooling Services,"AC Wizard Cooling Services specializes in the installation, repair, and maintenance of air conditioning systems. Our technicians are certified and trained to handle all major brands, ensuring that your home stays comfortable year-round. We provide preventative maintenance plans to keep your AC running efficiently, as well as emergency repair services to address issues promptly."
Polished to Perfection,"Polished to Perfection offers comprehensive house cleaning services, including deep cleans, move-in/move-out cleaning, and regular maintenance. Our team is detail-oriented and uses eco-friendly products to ensure a healthy, pristine environment for you and your family. With flexible scheduling and custom cleaning plans, we tailor our services to meet each client's unique needs."
Urban Electrical Services,"Urban Electrical Services provides residential and commercial electrical solutions, from wiring installations to troubleshooting and repairs. Our team is licensed and knowledgeable in the latest electrical codes and technologies, ensuring safe and efficient service. We also offer consultations for energy-saving upgrades to help you reduce your environmental impact and lower your bills."
Artisan Woodworks,"Artisan Woodworks crafts custom wood furniture, cabinetry, and decor pieces tailored to your style and space. Our skilled carpenters use high-quality materials and traditional techniques to create unique, lasting pieces. From concept to completion, we collaborate closely with clients to ensure every detail aligns with their vision. Bring elegance and craftsmanship into your home with Artisan Woodworks."
SnapFix Appliance Repair,"SnapFix Appliance Repair provides fast, reliable repair services for all major appliances, including refrigerators, washers, dryers, and ovens. Our technicians are certified and experienced with various brands, ensuring prompt and effective repairs. We also offer preventative maintenance plans to extend the life of your appliances and keep them running smoothly."
Vibrant Lawn Care,"Vibrant Lawn Care offers complete lawn maintenance services, including mowing, fertilization, weed control, and aeration. Our team is committed to creating lush, green lawns that enhance your property’s curb appeal. We use eco-friendly products and techniques to promote healthy growth, helping you enjoy a vibrant, well-maintained lawn all year long."
Flawless Cut Hair Studio,"Flawless Cut Hair Studio provides expert hair services for men, women, and children. From classic cuts to trend-setting styles, we work with clients to achieve their ideal look. Our team specializes in color treatments, blowouts, and precision cuts, ensuring every client leaves with a style that reflects their personality. Let Flawless Cut Hair Studio enhance your natural beauty."
Eco-Friendly Painting Specialist,"Our expert team specializes in eco-friendly interior and exterior painting. We use sustainable paints and methods to give your space a beautiful, long-lasting finish while protecting the environment."
High-Rise Exterior Paint,"Our high-rise painting specialists are equipped for the toughest exterior painting jobs. We perform pressure washing before painting to ensure a clean and durable finish, even at high elevations."
Trim and Molding Painter,"Detail-oriented trim and molding painting for your home interiors, adding elegance and precision to every room. Our team collaborates with interior painting specialists to achieve a cohesive look."
Rapid Response IT Solutions,"Rapid Response IT Solutions provides a full range of IT support services, including server management, data recovery, network security, and cloud solutions. Our certified technicians are available 24/7 to assist with any technical issue."
Precision Pest Control,"Offering specialized pest management services, Precision Pest Control targets termites, bed bugs, rodents, and other infestations using eco-friendly, effective treatments."
SolarMax Installations,SolarMax specializes in solar panel installation and maintenance for residential and commercial properties. Our engineers design custom solar solutions to maximize energy output and reduce electricity costs.
Roofing Innovations,"Roofing Innovations offers comprehensive roofing solutions, from repairs and maintenance to full replacements. We use high-quality materials for long-lasting durability and weather resistance."
ClearView Windows & Doors,ClearView provides professional installation and repair of windows and doors. Our energy-efficient options help reduce utility costs and improve home comfort.
Precision HVAC Services,"Precision HVAC Services offers full-spectrum heating, ventilation, and air conditioning solutions, including installations, repairs, and energy-efficient upgrades."
Perfect Floors,"Perfect Floors specializes in the installation of hardwood, laminate, and vinyl flooring. Our team ensures precise installations for a seamless, professional look."
Express Paint Pros,"Providing interior and exterior painting with meticulous attention to detail, Express Paint Pros also offers pressure washing and color consultation services."
Expert Locksmiths,"Expert Locksmiths offers residential and commercial lock installation, repair, and key duplication. We also handle emergency lockouts with a quick response."
Eco Turf Solutions,"Eco Turf Solutions provides organic lawn care, soil aeration, and pest management for a sustainable, healthy landscape."
Shine Auto Detail,"Shine Auto Detail offers complete car detailing, including interior cleaning, exterior polish, and ceramic coating for maximum protection."
NextGen Network Solutions,"NextGen provides network installation, configuration, and security for businesses, specializing in scalable IT infrastructure and data protection."
FiberOptic Plus,FiberOptic Plus specializes in fiber optic cabling installation and maintenance for high-speed internet and telecommunication systems.
Pipe Master,"PipeMaster Plumbing Solutions specializes in residential and commercial plumbing installations, with expertise in selecting and fitting the appropriate pipe types for each project. We offer installations of 15mm and 20mm pipes, suitable for both hot and cold water applications, ensuring efficient water flow and durability. Our team is well-versed in using CPVC pipes for hot water piping and PVC pipes for cold water lines and drainage. With a focus on corrosion protection for copper pipes, we also provide pipe insulation services to improve energy efficiency in both hot and cold water systems. For emergencies, our 24/7 response team is ready to handle leak repairs and water heater installations swiftly and safely."
Precision Plumbing and Heating,"Precision Plumbing & Heating offers top-quality plumbing services, specializing in leak detection, fixture replacement, and water heater installations. We utilize advanced techniques in pipe fitting and soldering for seamless installations of copper and PEX piping, ideal for high-temperature applications. For drainage systems, we use durable PVC pipes to ensure long-lasting performance in both indoor and outdoor plumbing settings. Our professionals are equipped to handle complex pipe insulation for hot water piping, as well as corrosion protection for copper pipes in challenging environments. Whether you need routine pipe maintenance or emergency plumbing services, Precision Plumbing & Heating provides reliable and technically sound solutions."
Elite Cleaning Solutions,"Elite Cleaning Solutions provides high-standard cleaning for residential and commercial spaces, using advanced techniques and safe, non-toxic cleaning products. Services include post-construction cleaning, routine office cleaning, and residential deep cleaning, ensuring spaces are clean, fresh, and inviting."
Woodland Landscaping & Design,"Woodland Landscaping & Design offers professional landscape design and maintenance services, specializing in native plants, sustainable gardening, and custom hardscaping. Their team creates unique, eco-friendly outdoor spaces that enhance property aesthetics and environmental health."
The Appliance Medic,"The Appliance Medic provides repair and maintenance services for household appliances, including ovens, dishwashers, and washing machines. Their certified technicians offer prompt service and preventive care plans to extend the life of your appliances."
AirCare Heating & Cooling,"AirCare specializes in heating and cooling solutions, offering installation, repair, and regular maintenance for HVAC systems. They provide energy-efficient options and expert advice to keep your home comfortable year-round."
Sparkling Pools & Spas,"Sparkling Pools & Spas offers comprehensive pool cleaning, maintenance, and repair services. Their expert team ensures that pool water is crystal clear and safe, performing regular checks and treatments for a worry-free swimming experience."
Pro Painting Masters,"Pro Painting Masters provides interior and exterior painting services for homes and businesses. They offer color consultation, high-quality paint options, and attention to detail, making sure every project is completed to perfection."
Safe Home Pest Solutions,"Safe Home Pest Solutions offers humane and eco-friendly pest control, targeting rodents, insects, and other unwanted pests. Their treatments focus on long-term prevention and minimal impact on the environment and family pets."
Master Gardeners,"Master Gardeners provide expert gardening and landscape care services, specializing in seasonal planting, pruning, and pest control. They create vibrant, healthy gardens and outdoor spaces for homes and businesses."
SureFix Handyman Services,"SureFix Handyman Services tackles minor repairs and maintenance tasks around the home, including plumbing, electrical fixes, and carpentry. Their skilled handymen provide reliable, efficient solutions for everyday home needs."
Bright Idea Lighting,"Bright Idea Lighting offers custom lighting solutions for residential and commercial spaces. They specialize in LED installations, smart lighting setups, and energy-efficient designs to create a welcoming atmosphere."
Clean & Green Lawn Services,"Clean & Green Lawn Services provides eco-friendly lawn care, including mowing, fertilizing, and weed control. Using organic products and sustainable practices, they create lush, healthy lawns for your enjoyment."
Urban Movers,"Urban Movers provides reliable and affordable moving services, specializing in local and long-distance moves. Their team ensures the safe and efficient transport of your belongings, offering packing, unpacking, and storage options."
EcoTech Solar,"EcoTech Solar specializes in residential and commercial solar panel installations, offering sustainable energy solutions. Their engineers design systems that maximize energy savings and reduce environmental impact."
SecureLock Locksmith Services,"SecureLock Locksmith Services offers residential and commercial lock solutions, including installation, repair, and rekeying. They also provide 24/7 emergency lockout assistance and security upgrades."
Ace Plastering & Drywall,"Ace Plastering & Drywall provides expert wall and ceiling repair, specializing in plastering, drywall installation, and finishing. They deliver smooth, durable results for both new construction and renovation projects."
Prime Electricians,"Prime Electricians offers full-service electrical solutions, from wiring installations to troubleshooting and panel upgrades. They work with the latest technology to ensure safe, efficient, and modern electrical systems."
Grime Busters Power Washing,"Grime Busters specializes in power washing for homes, driveways, decks, and commercial properties. They use powerful, eco-friendly cleaning agents to remove dirt, mold, and grime, restoring surfaces to their original beauty."
Healthy Home Mold Remediation,"Healthy Home Mold Remediation provides mold inspection, removal, and prevention services for residential properties. They ensure safe, effective mold removal to protect indoor air quality and family health."
Petal Bloom Florists,"Petal Bloom Florists offer custom floral arrangements for every occasion, from weddings to corporate events. Their designers work with fresh, high-quality flowers to create beautiful, memorable displays."
Grand Design Renovations,"Grand Design Renovations specializes in custom renovations for kitchens, bathrooms, and basements. Their experienced team transforms spaces with a focus on functionality, aesthetics, and long-lasting quality."
